{"v":"5.4.2","fr":48,"ip":0,"op":144,"w":500,"h":500,"nm":"06 - Heart","ddd":0,"assets":[{"id":"comp_0","layers":[{"ddd":0,"ind":1,"ty":4,"nm":"Dot1","sr":1,"ks":{"o":{"a":0,"k":100,"ix":11},"r":{"a":0,"k":0,"ix":10},"p":{"a":1,"k":[{"i":{"x":0,"y":1},"o":{"x":0.167,"y":0.167},"n":"0_1_0p167_0p167","t":0,"s":[250.5,250,0],"e":[250.5,90,0],"to":[0,-26.6666660308838,0],"ti":[0,26.6666660308838,0]},{"t":30}],"ix":2},"a":{"a":0,"k":[0.5,0,0],"ix":1},"s":{"a":1,"k":[{"i":{"x":[0,0,0],"y":[1,1,1]},"o":{"x":[0.167,0.167,0.167],"y":[0.167,0.167,-25]},"n":["0_1_0p167_0p167","0_1_0p167_0p167","0_1_0p167_-25"],"t":5,"s":[300,300,100],"e":[0,0,100]},{"t":30}],"ix":6}},"ao":0,"shapes":[{"ty":"gr","it":[{"d":1,"ty":"el","s":{"a":0,"k":[20,20],"ix":2},"p":{"a":0,"k":[0,0],"ix":3},"nm":"Ellipse Path 1","mn":"ADBE Vector Shape - Ellipse","hd":false},{"ty":"fl","c":{"a":0,"k":[1,0.2627450980392157,0.4392156862745098,1],"ix":4},"o":{"a":0,"k":100,"ix":5},"r":1,"nm":"Fill 1","mn":"ADBE Vector Graphic - Fill","hd":false},{"ty":"tr","p":{"a":0,"k":[0.5,0],"ix":2},"a":{"a":0,"k":[0,0],"ix":1},"s":{"a":0,"k":[100,100],"ix":3},"r":{"a":0,"k":0,"ix":6},"o":{"a":0,"k":100,"ix":7},"sk":{"a":0,"k":0,"ix":4},"sa":{"a":0,"k":0,"ix":5},"nm":"Transform"}],"nm":"Ellipse 1","np":3,"cix":2,"ix":1,"mn":"ADBE Vector Group","hd":false}],"ip":0,"op":31,"st":-7,"bm":0}]}],"layers":[{"ddd":0,"ind":1,"ty":0,"nm":"Dot1","refId":"comp_0","sr":1,"ks":{"o":{"a":0,"k":100,"ix":11},"r":{"a":0,"k":315,"ix":10},"p":{"a":0,"k":[250,242,0],"ix":2},"a":{"a":0,"k":[250,250,0],"ix":1},"s":{"a":0,"k":[100,100,100],"ix":6}},"ao":0,"w":500,"h":500,"ip":45,"op":76,"st":45,"bm":0},{"ddd":0,"ind":2,"ty":0,"nm":"Dot1","refId":"comp_0","sr":1,"ks":{"o":{"a":0,"k":100,"ix":11},"r":{"a":0,"k":270,"ix":10},"p":{"a":0,"k":[250,242,0],"ix":2},"a":{"a":0,"k":[250,250,0],"ix":1},"s":{"a":0,"k":[100,100,100],"ix":6}},"ao":0,"w":500,"h":500,"ip":45,"op":76,"st":45,"bm":0},{"ddd":0,"ind":3,"ty":0,"nm":"Dot1","refId":"comp_0","sr":1,"ks":{"o":{"a":0,"k":100,"ix":11},"r":{"a":0,"k":225,"ix":10},"p":{"a":0,"k":[250,242,0],"ix":2},"a":{"a":0,"k":[250,250,0],"ix":1},"s":{"a":0,"k":[100,100,100],"ix":6}},"ao":0,"w":500,"h":500,"ip":45,"op":76,"st":45,"bm":0},{"ddd":0,"ind":4,"ty":0,"nm":"Dot1","refId":"comp_0","sr":1,"ks":{"o":{"a":0,"k":100,"ix":11},"r":{"a":0,"k":180,"ix":10},"p":{"a":0,"k":[250,242,0],"ix":2},"a":{"a":0,"k":[250,250,0],"ix":1},"s":{"a":0,"k":[100,100,100],"ix":6}},"ao":0,"w":500,"h":500,"ip":45,"op":76,"st":45,"bm":0},{"ddd":0,"ind":5,"ty":0,"nm":"Dot1","refId":"comp_0","sr":1,"ks":{"o":{"a":0,"k":100,"ix":11},"r":{"a":0,"k":135,"ix":10},"p":{"a":0,"k":[250,242,0],"ix":2},"a":{"a":0,"k":[250,250,0],"ix":1},"s":{"a":0,"k":[100,100,100],"ix":6}},"ao":0,"w":500,"h":500,"ip":45,"op":76,"st":45,"bm":0},{"ddd":0,"ind":6,"ty":0,"nm":"Dot1","refId":"comp_0","sr":1,"ks":{"o":{"a":0,"k":100,"ix":11},"r":{"a":0,"k":90,"ix":10},"p":{"a":0,"k":[250,242,0],"ix":2},"a":{"a":0,"k":[250,250,0],"ix":1},"s":{"a":0,"k":[100,100,100],"ix":6}},"ao":0,"w":500,"h":500,"ip":45,"op":76,"st":45,"bm":0},{"ddd":0,"ind":7,"ty":0,"nm":"Dot1","refId":"comp_0","sr":1,"ks":{"o":{"a":0,"k":100,"ix":11},"r":{"a":0,"k":45,"ix":10},"p":{"a":0,"k":[250,242,0],"ix":2},"a":{"a":0,"k":[250,250,0],"ix":1},"s":{"a":0,"k":[100,100,100],"ix":6}},"ao":0,"w":500,"h":500,"ip":45,"op":76,"st":45,"bm":0},{"ddd":0,"ind":8,"ty":0,"nm":"Dot1","refId":"comp_0","sr":1,"ks":{"o":{"a":0,"k":100,"ix":11},"r":{"a":0,"k":0,"ix":10},"p":{"a":0,"k":[250,242,0],"ix":2},"a":{"a":0,"k":[250,250,0],"ix":1},"s":{"a":0,"k":[100,100,100],"ix":6}},"ao":0,"w":500,"h":500,"ip":45,"op":76,"st":45,"bm":0},{"ddd":0,"ind":11,"ty":4,"nm":"Heart Outlines 3","sr":1,"ks":{"o":{"a":1,"k":[{"i":{"x":[0.833],"y":[0.833]},"o":{"x":[0.167],"y":[0.167]},"n":["0p833_0p833_0p167_0p167"],"t":45,"s":[100],"e":[0]},{"t":59}],"ix":11},"r":{"a":0,"k":0,"ix":10},"p":{"a":0,"k":[250,249.611,0],"ix":2},"a":{"a":0,"k":[128.477,115.33,0],"ix":1},"s":{"a":1,"k":[{"i":{"x":[0,0,0],"y":[1,1,1]},"o":{"x":[0.167,0.167,0.167],"y":[0.167,0.167,5.833]},"n":["0_1_0p167_0p167","0_1_0p167_0p167","0_1_0p167_5p833"],"t":45,"s":[85,85,100],"e":[120,120,100]},{"t":59}],"ix":6}},"ao":0,"ef":[{"ty":5,"nm":"Scale - Overshoot","np":3,"mn":"ADBE Slider Control","ix":1,"en":1,"ef":[{"ty":0,"nm":"Slider","mn":"ADBE Slider Control-0001","ix":1,"v":{"a":0,"k":15,"ix":1,"x":"var $bm_rt;\n$bm_rt = clamp(value, 0, 100);"}}]},{"ty":5,"nm":"Scale - Bounce","np":3,"mn":"ADBE Slider Control","ix":2,"en":1,"ef":[{"ty":0,"nm":"Slider","mn":"ADBE Slider Control-0001","ix":1,"v":{"a":0,"k":60,"ix":1,"x":"var $bm_rt;\n$bm_rt = clamp(value, 0, 100);"}}]},{"ty":5,"nm":"Scale - Friction","np":3,"mn":"ADBE Slider Control","ix":3,"en":1,"ef":[{"ty":0,"nm":"Slider","mn":"ADBE Slider Control-0001","ix":1,"v":{"a":0,"k":60,"ix":1,"x":"var $bm_rt;\n$bm_rt = clamp(value, 0, 100);"}}]}],"shapes":[{"ty":"gr","it":[{"ind":0,"ty":"sh","ix":1,"ks":{"a":0,"k":{"i":[[11.356,11.354],[16.046,0],[11.355,-11.354],[0,0],[0,0],[16.046,0],[11.312,-11.31],[-0.045,-16.046],[-11.355,-11.356],[0,0],[-1.563,0],[-1.194,1.194],[0,0],[0,16.047]],"o":[[-11.354,-11.357],[-16.044,0],[0,0],[0,0],[-11.356,-11.355],[-16,0],[-11.354,11.356],[0,16.044],[0,0],[1.195,1.196],[1.564,0],[0,0],[11.357,-11.357],[0.046,-16.043]],"v":[[90.914,-77.629],[48.479,-95.193],[5.999,-77.585],[0.069,-71.652],[-5.955,-77.676],[-48.481,-95.329],[-90.871,-77.768],[-108.432,-35.286],[-90.778,7.148],[-4.437,93.489],[-0.07,95.329],[4.298,93.536],[90.822,7.333],[108.431,-35.15]],"c":true},"ix":2},"nm":"Path 1","mn":"ADBE Vector Shape - Group","hd":false},{"ty":"fl","c":{"a":0,"k":[1,0.2627450980392157,0.4392156862745098,1],"ix":4},"o":{"a":0,"k":100,"ix":5},"r":1,"nm":"Fill 1","mn":"ADBE Vector Graphic - Fill","hd":false},{"ty":"tr","p":{"a":0,"k":[128.477,115.33],"ix":2},"a":{"a":0,"k":[0,0],"ix":1},"s":{"a":0,"k":[100,100],"ix":3},"r":{"a":0,"k":0,"ix":6},"o":{"a":0,"k":100,"ix":7},"sk":{"a":0,"k":0,"ix":4},"sa":{"a":0,"k":0,"ix":5},"nm":"Transform"}],"nm":"Group 1","np":3,"cix":2,"ix":1,"mn":"ADBE Vector Group","hd":false}],"ip":45,"op":144,"st":40,"bm":0},{"ddd":0,"ind":12,"ty":4,"nm":"Heart Outlines 2","sr":1,"ks":{"o":{"a":0,"k":100,"ix":11},"r":{"a":0,"k":0,"ix":10},"p":{"a":0,"k":[250,249.611,0],"ix":2},"a":{"a":0,"k":[128.477,115.33,0],"ix":1},"s":{"a":1,"k":[{"i":{"x":[0.833,0.833,0.833],"y":[0.833,0.833,0.833]},"o":{"x":[0.167,0.167,0.167],"y":[0.167,0.167,0.167]},"n":["0p833_0p833_0p167_0p167","0p833_0p833_0p167_0p167","0p833_0p833_0p167_0p167"],"t":43,"s":[85,85,100],"e":[100,100,100]},{"t":47}],"ix":6,"x":"var $bm_rt;\nvar amp, freq, decay, n, t, v;\ntry {\n    amp = div(effect('Scale - Overshoot')('ADBE Slider Control-0001'), 2.5), freq = div(effect('Scale - Bounce')('ADBE Slider Control-0001'), 20), decay = div(effect('Scale - Friction')('ADBE Slider Control-0001'), 20), n = 0, 0 < numKeys && (n = nearestKey(time).index, key(n).time > time && n--), t = 0 === n ? 0 : sub(time, key(n).time), $bm_rt = 0 < n ? (v = velocityAtTime(sub(key(n).time, div(thisComp.frameDuration, 10))), sum(value, div(mul(mul(div(v, 100), amp), Math.sin(mul(mul(mul(freq, t), 2), Math.PI))), Math.exp(mul(decay, t))))) : value;\n} catch (e$$4) {\n    $bm_rt = value = value;\n}"}},"ao":0,"ef":[{"ty":5,"nm":"Scale - Overshoot","np":3,"mn":"ADBE Slider Control","ix":1,"en":1,"ef":[{"ty":0,"nm":"Slider","mn":"ADBE Slider Control-0001","ix":1,"v":{"a":0,"k":15,"ix":1,"x":"var $bm_rt;\n$bm_rt = clamp(value, 0, 100);"}}]},{"ty":5,"nm":"Scale - Bounce","np":3,"mn":"ADBE Slider Control","ix":2,"en":1,"ef":[{"ty":0,"nm":"Slider","mn":"ADBE Slider Control-0001","ix":1,"v":{"a":0,"k":60,"ix":1,"x":"var $bm_rt;\n$bm_rt = clamp(value, 0, 100);"}}]},{"ty":5,"nm":"Scale - Friction","np":3,"mn":"ADBE Slider Control","ix":3,"en":1,"ef":[{"ty":0,"nm":"Slider","mn":"ADBE Slider Control-0001","ix":1,"v":{"a":0,"k":60,"ix":1,"x":"var $bm_rt;\n$bm_rt = clamp(value, 0, 100);"}}]}],"shapes":[{"ty":"gr","it":[{"ind":0,"ty":"sh","ix":1,"ks":{"a":0,"k":{"i":[[11.356,11.354],[16.046,0],[11.355,-11.354],[0,0],[0,0],[16.046,0],[11.312,-11.31],[-0.045,-16.046],[-11.355,-11.356],[0,0],[-1.563,0],[-1.194,1.194],[0,0],[0,16.047]],"o":[[-11.354,-11.357],[-16.044,0],[0,0],[0,0],[-11.356,-11.355],[-16,0],[-11.354,11.356],[0,16.044],[0,0],[1.195,1.196],[1.564,0],[0,0],[11.357,-11.357],[0.046,-16.043]],"v":[[90.914,-77.629],[48.479,-95.193],[5.999,-77.585],[0.069,-71.652],[-5.955,-77.676],[-48.481,-95.329],[-90.871,-77.768],[-108.432,-35.286],[-90.778,7.148],[-4.437,93.489],[-0.07,95.329],[4.298,93.536],[90.822,7.333],[108.431,-35.15]],"c":true},"ix":2},"nm":"Path 1","mn":"ADBE Vector Shape - Group","hd":false},{"ty":"fl","c":{"a":0,"k":[1,0.2627450980392157,0.4392156862745098,1],"ix":4},"o":{"a":0,"k":100,"ix":5},"r":1,"nm":"Fill 1","mn":"ADBE Vector Graphic - Fill","hd":false},{"ty":"tr","p":{"a":0,"k":[128.477,115.33],"ix":2},"a":{"a":0,"k":[0,0],"ix":1},"s":{"a":0,"k":[100,100],"ix":3},"r":{"a":0,"k":0,"ix":6},"o":{"a":0,"k":100,"ix":7},"sk":{"a":0,"k":0,"ix":4},"sa":{"a":0,"k":0,"ix":5},"nm":"Transform"}],"nm":"Group 1","np":3,"cix":2,"ix":1,"mn":"ADBE Vector Group","hd":false}],"ip":45,"op":144,"st":40,"bm":0},{"ddd":0,"ind":13,"ty":4,"nm":"Heart Outlines","sr":1,"ks":{"o":{"a":0,"k":100,"ix":11},"r":{"a":0,"k":0,"ix":10},"p":{"a":0,"k":[250,249.611,0],"ix":2},"a":{"a":0,"k":[128.477,115.33,0],"ix":1},"s":{"a":1,"k":[{"i":{"x":[0,0,0],"y":[1,1,1]},"o":{"x":[0.167,0.167,0.167],"y":[0.167,0.167,-2.5]},"n":["0_1_0p167_0p167","0_1_0p167_0p167","0_1_0p167_-2p5"],"t":24,"s":[100,100,100],"e":[85,85,100]},{"t":44}],"ix":6}},"ao":0,"shapes":[{"ty":"gr","it":[{"ind":0,"ty":"sh","ix":1,"ks":{"a":0,"k":{"i":[[11.356,11.354],[16.046,0],[11.355,-11.354],[0,0],[0,0],[16.046,0],[11.312,-11.31],[-0.045,-16.046],[-11.355,-11.356],[0,0],[-1.563,0],[-1.194,1.194],[0,0],[0,16.047]],"o":[[-11.354,-11.357],[-16.044,0],[0,0],[0,0],[-11.356,-11.355],[-16,0],[-11.354,11.356],[0,16.044],[0,0],[1.195,1.196],[1.564,0],[0,0],[11.357,-11.357],[0.046,-16.043]],"v":[[90.914,-77.629],[48.479,-95.193],[5.999,-77.585],[0.069,-71.652],[-5.955,-77.676],[-48.481,-95.329],[-90.871,-77.768],[-108.432,-35.286],[-90.778,7.148],[-4.437,93.489],[-0.07,95.329],[4.298,93.536],[90.822,7.333],[108.431,-35.15]],"c":true},"ix":2},"nm":"Path 1","mn":"ADBE Vector Shape - Group","hd":false},{"ty":"fl","c":{"a":0,"k":[0.890196078431,0.890196078431,0.890196078431,1],"ix":4},"o":{"a":0,"k":100,"ix":5},"r":1,"nm":"Fill 1","mn":"ADBE Vector Graphic - Fill","hd":false},{"ty":"tr","p":{"a":0,"k":[128.477,115.33],"ix":2},"a":{"a":0,"k":[0,0],"ix":1},"s":{"a":0,"k":[100,100],"ix":3},"r":{"a":0,"k":0,"ix":6},"o":{"a":0,"k":100,"ix":7},"sk":{"a":0,"k":0,"ix":4},"sa":{"a":0,"k":0,"ix":5},"nm":"Transform"}],"nm":"Group 1","np":3,"cix":2,"ix":1,"mn":"ADBE Vector Group","hd":false}],"ip":0,"op":45,"st":0,"bm":0},{"ddd":0,"ind":15,"ty":1,"nm":"plate_white","sr":1,"ks":{"o":{"a":0,"k":100,"ix":11},"r":{"a":0,"k":0,"ix":10},"p":{"a":0,"k":[250,250,0],"ix":2},"a":{"a":0,"k":[250,250,0],"ix":1},"s":{"a":0,"k":[100,100,100],"ix":6}},"ao":0,"sw":500,"sh":500,"sc":"#ffffff","ip":0,"op":144,"st":0,"bm":0}],"markers":[]}